Provincia,Localidad,Nombre,Dirección,Horario,Ubicacion
Buenos Aires,25 de Mayo,25 de Mayo,Calle 10 Nº 1145,08.30 a 14.30hs,Ver en mapa
Buenos Aires,9 de Julio,9 de Julio,Libertad 1102,08.30 a 14.30hs,Ver en mapa
Buenos Aires,Alberti,Alberti,10 de junio 167,08.30 a 14.30hs,Ver en mapa
Buenos Aires,Alejandro Korn,Alejandro Korn,Av. Presidente Juan Domingo Perón 4550,08.30 a 14.30hs,Ver en mapa
Buenos Aires,Ameghino,Ameghino,Sarmiento 414 (Calle 5) e/ 32 y34,08.30 a 14.30hs,Ver en mapa
Buenos Aires,América,América,"Sarmiento 359, PB",08.00 a 14.00hs,Ver en mapa
Buenos Aires,Arrecifes,Arrecifes,Av. Merlassino 141,08:00 a 14:00hs,Ver en mapa
Buenos Aires,Ascensión,Ascensión,Libertad 12,08.30 a 14.30hs,Ver en mapa
Buenos Aires,Avellaneda,Avellaneda,French 58,08.30 a 14.30hs,Ver en mapa
Buenos Aires,Ayacucho,Ayacucho,Güemes 664,08.30 a 14.30hs,Ver en mapa
Buenos Aires,Azul,Azul,Av. Pte. Perón 425,08.30 a 14.30hs,Ver en mapa
Buenos Aires,Bahía Blanca,Bahía Blanca,Brown 180,08.00 a 14.00hs,Ver en mapa
Buenos Aires,Bahía Blanca,Bahía Blanca II,Av. Colón 279,08.00 a 14.00hs,Ver en mapa
Buenos Aires,Balcarce,Balcarce,Calle 16 y 17,08.30 a 14.30hs,Ver en mapa
Buenos Aires,Banfield,Lomas de Zamora,Hipólito Yrigoyen 7550,08.30 a 14.30hs,Ver en mapa
Buenos Aires,Baradero,Baradero,Anchorena 1127,08:00 a 14:00hs,Ver en mapa
Buenos Aires,Batán,Batán,Colectora Ruta 88 y Calle 149,08.30 a 14.30hs,Ver en mapa
Buenos Aires,Benito Juárez,Benito Juárez,Santana Zabalza 93 / 97,08.00 a 14.00hs,Ver en mapa
Buenos Aires,Berazategui,Berazategui,Calle 148 Nº 750 e/ 7 y 8,08.30 a 14.30hs,Ver en mapa
Buenos Aires,Berisso,Berisso,"Montevideo y Nueva York, edificio 110 (Polígono Industrial)",08.30 a 14.30hs,Ver en mapa
Buenos Aires,Bernal,Bernal,Av. Dardo Rocha 501,08.30 a 14.30hs,Ver en mapa
Buenos Aires,Bolívar,Bolívar,Alvear 150,08.30 a 14.30hs,Ver en mapa
Buenos Aires,Bosques,Bosques (Florencio Varela II),Av. Luján 1071,08.30 a 14.30hs,Ver en mapa
Buenos Aires,Bragado,Bragado,Av. Rivadavia 975,08.30 a 14.30hs,Ver en mapa
Buenos Aires,Brandsen,Coronel Brandsen,Av. Mitre 265,08.00 a 14.00hs,Ver en mapa
Buenos Aires,Burzaco,Burzaco,Av. Hipólito Yrigoyen 14926/30,08.30 a 14.30hs,Ver en mapa
Buenos Aires,Campana,Campana,Mitre 1265,08.30 a 14.30hs,Ver en mapa
Buenos Aires,Cañuelas,Cañuelas,Del Carmen 690,08.30 a 14.30hs,Ver en mapa
Buenos Aires,Capitán Sarmiento,Capitán Sarmiento,San Martín 137,08:00 a 14:00hs,Ver en mapa
Buenos Aires,Carhué,Carhué,Pellegrini 966,08.00 a 14.00hs,Ver en mapa
Buenos Aires,Carlos Casares,Carlos Casares,Avenida 9 de Julio 504 esquina Córdoba,08.30 a 14.30hs,Ver en mapa
Buenos Aires,Carlos Tejedor,Carlos Tejedor,Piransola 130,08.30 a 14.30hs,Ver en mapa
Buenos Aires,Carmen de Areco,Carmen de Areco,M. Moreno 541,08:00 a 14:00hs,Ver en mapa
Buenos Aires,Carmen de Patagones,Carmen de Patagones,Garibaldi 311,08.00 a 14.00hs,Ver en mapa
Buenos Aires,Casbas,Casbas,San Martin 216,08.00 a 14.00hs,Ver en mapa
Buenos Aires,Castelli,Castelli,25 de Mayo y Rivadavia,08.30 a 14.30hs,Ver en mapa
Buenos Aires,Chacabuco,Chacabuco,Sarmiento 95 y Cervantes,08.30 a 14.30hs,Ver en mapa
Buenos Aires,Chascomús,Chascomús,Av. Lastra 264,08.30 a 14.30hs,Ver en mapa
Buenos Aires,Chivilcoy,Chivilcoy,Av. Villarino 99 esquina Balcarce,08.00 a 14.00hs,Ver en mapa
Buenos Aires,Ciudad Evita,Ciudad Evita,Guaicurú 1193,8:30 a 14:30 hs,Ver en mapa
Buenos Aires,Colón,Colón,Calle 48 N° 900 y Calle 19,08:00 a 14:00hs,Ver en mapa
Buenos Aires,Coronel Dorrego,Coronel Dorrego,Av. Santagada 914,08.00 a 14.00hs,Ver en mapa
Buenos Aires,Coronel Pringles,Coronel Pringles,Belgrano Nº 604,08.00 a 14.00hs,Ver en mapa
Buenos Aires,Coronel Suárez,Coronel Suárez,Rivadavia 53,08.00 a 14.00hs,Ver en mapa
Buenos Aires,Coronel Vidal,Coronel Vidal,Gral. Paz 534,08.30 a 14.30hs,Ver en mapa
Buenos Aires,Daireaux,Daireaux,Pellegrini 530,08.00 a 14.00hs,Ver en mapa
Buenos Aires,Darregueira,Darregueira,25 de Mayo 58,08.00 a 14.00hs,Ver en mapa
Buenos Aires,Derqui,Presidente Derqui,Sarmiento 1174,08.30 a 14.30hs,Ver en mapa
Buenos Aires,Dock Sud,Dock Sud,Ingeniero Huergo Luis A. 1374,08.30 a 14.30hs,Ver en mapa
Buenos Aires,Dolores,Dolores,Manuel Rico 47,08.30 a 14.30hs,Ver en mapa
Buenos Aires,Dolores,Tordillo,Juan Manuel de Rosas 137 (Edificio Intendencia),08.30 a 14.30hs,Ver en mapa
Buenos Aires,Ensenada,Ensenada,La Merced 183,08.30 a 14.30hs,Ver en mapa
Buenos Aires,Escobar,Escobar,Av. Eugenia Tapia de Cruz 1139,08.30 a 14.30hs,Ver en mapa
Buenos Aires,Escobar,Garin,"Boulevard Presidente Perón 225, Escobar",08.30 a 14.30hs,Ver en mapa
Buenos Aires,Exaltación de La Cruz,Exaltación de La Cruz,Mateo Casco 666,08:00 a 14:00hs,Ver en mapa
Buenos Aires,Ezeiza,Ezeiza,Esteban Echeverría 62,08.00 a 14.00hs,Ver en mapa
Buenos Aires,Ezpeleta,Ezpeleta,Av. Francia 1450 (esquina Kenny),08.30 a 14.30hs,Ver en mapa
Buenos Aires,Florencio Varela,Florencio Varela,Av. San Martín 3380,08.30 a 14.30hs,Ver en mapa
Buenos Aires,General Alvear,General Alvear,Sarmiento y Perón,08.30 a 14.30hs,Ver en mapa
Buenos Aires,General Belgrano,General Belgrano,Guido 498,08.30 a 14.30hs,Ver en mapa
Buenos Aires,General Daniel Cerri,General Daniel Cerri,Gutiérrez 379,08.00 a 14.00hs,Ver en mapa
Buenos Aires,General Guido,General Guido,Anselmo Cepeda 150,08.30 a 14.30hs,Ver en mapa
Buenos Aires,General Lamadrid,General Lamadrid,San Martín 666,08.00 a 14.00hs,Ver en mapa
Buenos Aires,General Lavalle,General Lavalle,Arturo de La Serna 1192,08.30 a 14.30hs,Ver en mapa
Buenos Aires,General Madariaga,General Madariaga,Martínez Guerrero 1850,08.30 a 14.30hs,Ver en mapa
Buenos Aires,General Pacheco,Tigre,H. Yrigoyen 576,08.00 a 14.00hs,Ver en mapa
Buenos Aires,General Pinto,General Pinto,Alsina 464,08.30 a 14.30hs,Ver en mapa
Buenos Aires,General Rodríguez,General Rodriguez,Almirante Brown 52,08.30 a 14.30hs,Ver en mapa
Buenos Aires,General Villegas,General Villegas,Rivadavia 907 esquina Pueyrredón,08.30 a 14.30hs,Ver en mapa
Buenos Aires,Gonnet,City Bell,Av. Camino Centenario 2493,08.30 a 14.30hs,Ver en mapa
Buenos Aires,Gonzales Chaves,Gonzalez Chaves,Juan Elicagaray 353,08.00 a 14.00hs,Ver en mapa
Buenos Aires,Grand Bourg,Malvinas Argentinas,Seguí 1702 y Luis Vernet,08.30 a 14.30hs,Ver en mapa
Buenos Aires,Henderson,Henderson,Colón 716,08.30 a 14.30hs,Ver en mapa
Buenos Aires,Hurlingham,Hurlingham,Av. Pedro Díaz 999,08.30 a 14.30hs,Ver en mapa
Buenos Aires,Ingeniero White,Ingeniero White,Belgrano 3741,08.00 a 14.00hs,Ver en mapa
Buenos Aires,Ituzaingó,Ituzaingó,Zufriategui 758,08.30 a 14.30hs,Ver en mapa
Buenos Aires,José C. Paz,José C. Paz,Presidente Perón 5098,08.30 a 14.30hs,Ver en mapa
Buenos Aires,José León Suarez,Jose León Suarez,Calle Roldan 2884,08.30 a 14.30hs,Ver en mapa
Buenos Aires,Junín,Junín,Winter 84,08.00 a 14.00hs,Ver en mapa
Buenos Aires,Junín,Junín II,Rioja 539,08.30 a 14.30hs,Ver en mapa
Buenos Aires,La Matanza,González Catán,José María Moreno e/ José Equiza y Simón Pérez,08.30 a 14.30hs,Ver en mapa
Buenos Aires,La Matanza,Isidro Casanova,Asunción 5745,08.30 a 14.30hs,Ver en mapa
Buenos Aires,La Matanza,Mercado Central,Av. de Circunvalación y Calle del Fruto,08.30 a 14.30hs,Ver en mapa
Buenos Aires,La Matanza,Virrey del Pino,J. M. de Rosas 20.538 Ruta 3 Km. 35700,08.30 a 14.30hs,Ver en mapa
Buenos Aires,La Plata,La Plata I,Calle 9 Nº 1279,08.30 a 14.30hs,Ver en mapa
Buenos Aires,La Plata,La Plata II,Plaza Paso 170/175 e/13 y 44,08.30 a 14.30hs,Ver en mapa
Buenos Aires,La Tablada,La Tablada,Av. Crovara 2283 e/ Pringles y Bolívar,08.30 a 14.30hs,Ver en mapa
Buenos Aires,Laferrere,Laferrere,Olmos 2685,08.30 a 14.30hs,Ver en mapa
Buenos Aires,Lanús,Lanús,Hipólito Yrigoyen 5060,08.30 a 14.30hs,Ver en mapa
Buenos Aires,Laprida,Laprida,Rivadavia 1301 y Mariano J. Pereyra,08.00 a 14.00hs,Ver en mapa
Buenos Aires,Las Flores,Las Flores,San Martín 614,08.30 a 14.30hs,Ver en mapa
Buenos Aires,Las Heras,Las Heras,Belgrano 174,08.30 a 14.30hs,Ver en mapa
Buenos Aires,Lezama,Lezama,San Martín 215,08.30 a 14.30hs,Ver en mapa
Buenos Aires,Lincoln,Lincoln,San Martín 1273,08.30 a 14.30hs,Ver en mapa
Buenos Aires,Lobería,Lobería,Avenida San Martin 378,08.30 a 14.30hs,Ver en mapa
Buenos Aires,Lobos,Lobos,Necochea 244,08.00 a 14.30hs,Ver en mapa
Buenos Aires,Lomas de Zamora,Villa Albertina,Bayona 40 e/ Homero y Falucho,08.30 a 14.30hs,Ver en mapa
Buenos Aires,Longchamps,Longchamps,Carlos Diehl 1765,08.30 a 14.30hs,Ver en mapa
Buenos Aires,Los Hornos,Los Hornos,Calle 143 Nº 1647 e/ 65 y 66,08.30 a 14.30hs,Ver en mapa
Buenos Aires,Los Toldos,Los Toldos,Av. San Martin 337,08.00 a 14.00hs,Ver en mapa
Buenos Aires,Luján,Luján,Almirante Brown 244,08.30 a 14.30hs,Ver en mapa
Buenos Aires,Magdalena,Magdalena,Chacabuco 775,08.30 a 14.30hs,Ver en mapa
Buenos Aires,Maipú,Maipú,Julian Lynch 641,08.30 a 14.30hs,Ver en mapa
Buenos Aires,Mar de Ajó,Mar de Ajo,Jorge Newbery 1487,08.00 a 14.00hs,Ver en mapa
Buenos Aires,Mar del Plata,Mar del Plata,Av. Pedro Luro 4942,08.30 a 14.30hs,Ver en mapa
Buenos Aires,Mar del Plata,Mar del Plata Puerto,Rondeau 670 y Ayolas - Puerto,08.30 a 14.30hs,Ver en mapa
Buenos Aires,Mar del Plata,Mar del Plata Sur,Av. Independencia 3151,08.30 a 14.30hs,Ver en mapa
Buenos Aires,Marcos Paz,Marcos Paz,Libertad 2099,08.00 a 14.00hs,Ver en mapa
Buenos Aires,María Ignacia Vela,Vela,Av. Tandil 575,08.30 a 14.30hs,Ver en mapa
Buenos Aires,Mercedes,Mercedes,Calle 29 N° 817 esquina 34,08.30 a 14.30hs,Ver en mapa
Buenos Aires,Merlo,Merlo,Sarandí 670,08.30 a 14.30hs,Ver en mapa
Buenos Aires,Miramar,Miramar,Calle 17 e/ 32 y 34,08.30 a 14.30hs,Ver en mapa
Buenos Aires,Monte Chingolo,Monte Chingolo,"Eva Perón 4559, entre Chilavert y Chorroarín",08.30 a 14.30hs,Ver en mapa
Buenos Aires,Monte Grande,Monte Grande,Av. Enrique Santa Marina 137,08.30 a 14.30hs,Ver en mapa
Buenos Aires,Monte Hermoso,Monte Hermoso,Bahía Blanca 354,08.00 a 14.00hs,Ver en mapa
Buenos Aires,Moreno,Cuartel V,Darwin Passaponti 5201,08.30 a 14.30hs,Ver en mapa
Buenos Aires,Moreno,Moreno,Boulevard Alcorta 2438,08.30 a 14.30hs,Ver en mapa
Buenos Aires,Morón,Morón,Crisólogo Larralde 514,08.30 a 14.30hs,Ver en mapa
Buenos Aires,Munro,Munro,Gervasio Méndez 3175,08.00 a 14.00hs,Ver en mapa
Buenos Aires,Navarro,Navarro,Calle 26 Nº 330,08.30 a 14.30hs,Ver en mapa
Buenos Aires,Necochea,Necochea,Calle 59 Nº 2940,08.30 a 14.30hs,Ver en mapa
Buenos Aires,Olavarría,Olavarría,Rivadavia 2987,08.30 a 14.30hs,Ver en mapa
Buenos Aires,Palomar,El Palomar,Madariaga 501/505,08.30 a 14.30hs,Ver en mapa
Buenos Aires,Pedro Luro,Pedro Luro,Calle 32 N°254,08.00 a 14.00hs,Ver en mapa
Buenos Aires,Pehuajó,Pehuajó,San Martín 231,08.30 a 14.30hs,Ver en mapa
Buenos Aires,Pergamino,Pergamino,San Nicolás 623,08:00 a 14:00hs,Ver en mapa
Buenos Aires,Pigüé,Pigüé,Ciudad de Rodez 212,08.00 a 14.00hs,Ver en mapa
Buenos Aires,Pila,Pila,Calle 23 N° 9 e/ 2 y 4,08.30 a 14.30hs,Ver en mapa
Buenos Aires,Pilar,Del Viso,Juan Ramón Giménez 1095,08.30 a 14.30hs,Ver en mapa
Buenos Aires,Pilar,Pilar,Estanislao Lopez 788 y 11 de Septiembre,08.30 a 14.30hs,Ver en mapa
Buenos Aires,Pinamar,Pinamar,Jason y Valle Fértil,08.00 a 14.00hs,Ver en mapa
Buenos Aires,Presidente Perón,Presidente Perón,Calle 7 N° 25 Guernica (1862),08.30 a 14.30hs,Ver en mapa
Buenos Aires,Punta Alta,Punta Alta,Roca 526,08.00 a 14.00hs,Ver en mapa
Buenos Aires,Quequén,Quequén,Av. 554 N° 916,08.30 a 14.30hs,Ver en mapa
Buenos Aires,Quilmes,Quilmes,Hipólito Yrigoyen 420,08.30 a 14.30hs,Ver en mapa
Buenos Aires,Quilmes,San Francisco Solano,Calle 842 N° 2447 e/ 895 y 897,08.30 a 14.30hs,Ver en mapa
Buenos Aires,Rafael Calzada,Rafael Calzada,San Martín 2931,08.30 a 14.30hs,Ver en mapa
Buenos Aires,Rafael Castillo,Rafael Castillo,Méndez de Andes 1663,08.00 a 14.00hs,Ver en mapa
Buenos Aires,Ramallo,Ramallo,Av. San Martín 1368,08:00 a 14:00hs,Ver en mapa
Buenos Aires,Ramos Mejía,Ramos Mejía,Av. Rivadavia 13518 y Brown,08.30 a 14.30hs,Ver en mapa
Buenos Aires,Ramos Mejía,Ramos Mejía,Av. Rivadavia 14752 e/ Laprida y Maipú,08.00 a 14.00hs,Ver en mapa
Buenos Aires,Ranchos,Ranchos,Dr. Hernández Castro 2813,08.00 a 14.00hs,Ver en mapa
Buenos Aires,Rauch,Rauch,Alberti 60,08.30 a 14.30hs,Ver en mapa
Buenos Aires,Rojas,Rojas,María Unzué de Alvear 469,08:00 a 14:00hs,Ver en mapa
Buenos Aires,Roque Pérez,Roque Pérez,Avellaneda 1217,08.00 a 14.00hs,Ver en mapa
Buenos Aires,Saladillo,Saladillo,Sarmiento 3047,08.00 a 14.00hs,Ver en mapa
Buenos Aires,Saliqueló,Saliqueló,25 de Mayo 202,08.00 a 14.00hs,Ver en mapa
Buenos Aires,Salto,Salto,9 de Julio Nro 110,08:00 a 14:00hs,Ver en mapa
Buenos Aires,San Andrés de Giles,San Andrés de Giles,9 de Julio 907 y Alsina,08:00 a 14:00hs,Ver en mapa
Buenos Aires,San Antonio de Areco,San Antonio de Areco,Moreno 112,08.00 a 14.00hs,Ver en mapa
Buenos Aires,San Cayetano,San Cayetano,25 de Mayo 237,08.30 a 14.30hs,Ver en mapa
Buenos Aires,San Fernando,San Fernando,Simón de Iriondo 1310,08.30 a 14.30hs,Ver en mapa
Buenos Aires,San Isidro,San Isidro,Av. Centenario 811,08.30 a 14.30hs,Ver en mapa
Buenos Aires,San Justo,San Justo,Arturo Illia 2456,08.30 a 14.30hs,Ver en mapa
Buenos Aires,San Martín,San Martín,Calle 77 Nº 2048,08.30 a 14.30hs,Ver en mapa
Buenos Aires,San Miguel,San Miguel,Sarmiento 1957,08.00 a 14.00hs,Ver en mapa
Buenos Aires,San Miguel del Monte,San Miguel del Monte,Petrachi 640,08.30 a 14.30hs,Ver en mapa
Buenos Aires,San Nicolás,La Emilia,Alberto Gonzalez S/N y Heráclito Ferreyra,08:00 a 14:00hs,Ver en mapa
Buenos Aires,San Nicolás,San Nicolás,Nación 649 y Soler,08:00 a 14:00hs,Ver en mapa
Buenos Aires,San Pedro,San Pedro,25 de Mayo y Balcarce,08:00 a 14:00hs,Ver en mapa
Buenos Aires,San Vicente,San Vicente,Sarmiento 810 (esquina Madero),08.30 a 14.30hs,Ver en mapa
Buenos Aires,Santa Clara del Mar,Santa Clara del Mar,Selva Negra 241 y Santa Mónica,08.30 a 14.30hs,Ver en mapa
Buenos Aires,Santa Teresita,Santa Teresita,Calle 3 Nº 981 e/ 36 y 37,08.30 a 14.30hs,Ver en mapa
Buenos Aires,Suipacha,Suipacha,Combate de San Lorenzo 684 e/ Rivadavia y San Martín,08.30 a 14.30hs,Ver en mapa
Buenos Aires,Tandil,Tandil,Chacabuco 507,08.00 a 14.00hs,Ver en mapa
Buenos Aires,Tapalqué,Tapalqué,25 de Mayo 590,08.30 a 14.30hs,Ver en mapa
Buenos Aires,Tornquist,Tornquist,Sarmiento 53,08.00 a 14.00hs,Ver en mapa
Buenos Aires,Trenque Lauquen,Trenque Lauquen,Julio Argentino Roca 227,08.30 a 14.30hs,Ver en mapa
Buenos Aires,Tres Arroyos,Tres Arroyos,Moreno 443,08.00 a 14.00hs,Ver en mapa
Buenos Aires,Tres de Febrero,Ciudadela,Maldonado 175,08.30 a 14.30hs,Ver en mapa
Buenos Aires,Tres de Febrero,Tres de Febrero,Juan B. Alberdi 4839,08.30 a 14.30hs,Ver en mapa
Buenos Aires,Tres Lomas,Tres Lomas,Juan Bautista Alberdi 555,08.00 a 14.00hs,Ver en mapa
Buenos Aires,Trujui,Trujui,Bernardo Caveri 1415,08.00 a 14.00hs,Ver en mapa
Buenos Aires,Turdera,Turdera,H. Yrigoyen 11585,08.30 a 14.30hs,Ver en mapa
Buenos Aires,Vedia,Vedia,Diagonal Estrada 65,08.30 a 14.30hs,Ver en mapa
Buenos Aires,Verónica,Verónica,Calle 30 e/ 31 y 4Ta,08.30 a 14.30hs,Ver en mapa
Buenos Aires,Villa Bosch,Villa Bosch,Santos Vega 7245 Villa Bosch,08.30 a 14.30hs,Ver en mapa
Buenos Aires,Villa Gesell,Villa Gesell,Av. 3 Nº 875 / 79,08.30 a 14.30hs,Ver en mapa
Buenos Aires,Wilde,Wilde,Av. Fabián Onzari y Juan Cruz Varela,08.30 a 14.30hs,Ver en mapa
Buenos Aires,Zárate,Zárate,Almirante Brown 139,08:00 a 14:00hs,Ver en mapa
CABA,Barracas,Barracas,Av. Regimiento de Patricios 939,08.30 a 14.30hs,Ver en mapa
CABA,Caba,Constitución,Avenida Brasil 1110,08.00 a 18.00hs,Ver en mapa
CABA,Caba,Flores,Av. Eva Perón 3799,08.30 a 14.30hs,Ver en mapa
CABA,Caba,Flores II,Av. Rivadavia 7451,08.30 a 14.30hs,Ver en mapa
CABA,Caba,Floresta,Av. Segurola 1129 / 33,08.30 a 14.30hs,Ver en mapa
CABA,Caba,San Cristóbal,Av. Jujuy 966,08.30 a 14.30hs,Ver en mapa
CABA,Caba,Villa Lugano,Sayos 5654,08.30 a 14.30hs,Ver en mapa
CABA,Caba,Villa Urquiza,Av. Álvarez Thomas 2356,08.30 a 14.30hs,Ver en mapa
CABA,Liniers,Liniers,Francisco de Viedma 6900,08.30 a 14.30hs,Ver en mapa
CABA,Monserrat,Monserrat,México 270,08.30 a 14.30hs,Ver en mapa
CABA,Monserrat,Plaza de Mayo,Paseo Colón 239,08.30 a 14.30hs,Ver en mapa
CABA,Palermo,Pacífico,Av. Santa Fe 5140,08.30 a 14.30hs,Ver en mapa
CABA,Parque Patricios,Parque Patricios,La Rioja 2079,08.30 a 14.30hs,Ver en mapa
CABA,Retiro,Centro,Av. Córdoba 1118,08.30 a 14.30hs,Ver en mapa
CABA,Retiro,Retiro,Ramos Mejía 1358,08.00 a 18.00hs,Ver en mapa
CABA,Villa 31,Padre Mugica,Galpon 2 (Playón Bajo Autopista),08.30 a 14.30hs,Ver en mapa
Catamarca,Belén,Belén,Coronel Daza 69,08.00 a 14.00hs,Ver en mapa
Catamarca,San Fernando del Valle de Catamarca,Catamarca,San Martín 201 y Ayacucho,08.00 a 14.00hs,Ver en mapa
Catamarca,Santa Maria,Santa María,San Martin 232,08.00 a 14.00hs,Ver en mapa
Catamarca,Valle Viejo,Valle Viejo,Av. Presidente Castillo 800,08.00 a 14.00hs,Ver en mapa
Chaco,Castelli,Juan Jose Castelli,Av. Perón 470,06.30 a 12.30hs,Ver en mapa
Chaco,Fontana,Fontana,Moreno 4520,06.30 a 12.30hs,Ver en mapa
Chaco,General San Martín,General San Martín,Av. Alte. Brown y Belgrano,06.30 a 12.30hs,Ver en mapa
Chaco,Las Breñas,Las Breñas,Víctor Mercante 892,06.30 a 12.30hs,Ver en mapa
Chaco,Resistencia,Resistencia,Marcelo T de Alvear 399,06.30 a 12.30hs,Ver en mapa
Chaco,Roque Sáenz Peña,Roque Sáenz Peña,9 de Julio 342,06.30 a 12.30hs,Ver en mapa
Chaco,Villa Angela,Villa Angela,Mitre 264,06.30 a 12.30hs,Ver en mapa
Chubut,Comodoro Rivadavia,Comodoro Rivadavia,San Martín 1543,08.00 a 14.00hs,Ver en mapa
Chubut,Esquel,Esquel,9 de Julio 740,08.00 a 14.00hs,Ver en mapa
Chubut,Puerto Madryn,Puerto Madryn,Hipólito Yrigoyen 567,08.00 a 14.00hs,Ver en mapa
Chubut,Rawson,Rawson,Av. San Martín N° 1.019,08.00 a 14.00hs,Ver en mapa
Chubut,Trelew,Trelew,Pellegrini 461,08.00 a 14.00hs,Ver en mapa
Chubut,Trévelin,Trévelin,Fontana 170,08.00 a 14.00hs,Ver en mapa
Córdoba,Alta Gracia,Alta Gracia,Pte. Perón 1997,08.00 a 14.00hs,Ver en mapa
Córdoba,Bell Ville,Bell Ville,Tucumán 290,08.00 a 14.00hs,Ver en mapa
Córdoba,Carlos Paz,Villa Carlos Paz,Avenida San Martin 580,08.00 a 14.00hs,Ver en mapa
Córdoba,Córdoba,Córdoba,Rivadavia Nº 6 / 8 / 10 PB,08.00 a 14.00hs,Ver en mapa
Córdoba,Córdoba,Córdoba II,Avellaneda 490,08.00 a 14.00hs,Ver en mapa
Córdoba,Cosquín,Cosquín,San Luis 649,08.00 a 14.00hs,Ver en mapa
Córdoba,Cruz del Eje,Cruz del Eje,San Martín 15,08.00 a 14.00hs,Ver en mapa
Córdoba,Dean Funes,Dean Funes,Av. Hipólito Irigoyen 389,08.00 a 14.00hs,Ver en mapa
Córdoba,Huinca Renancó,Huinca Renancó,Suipacha 462,08.00 a 14.00hs,Ver en mapa
Córdoba,Jesús María,Jesús María,Almafuerte 151,08.00 a 14.00hs,Ver en mapa
Córdoba,Laboulaye,Laboulaye,Av. Independencia 678,08.00 a 14.00hs,Ver en mapa
Córdoba,Leones,Leones,Amadeo Bertini 634,08.00 a 14.00hs,Ver en mapa
Córdoba,Río Cuarto,Río Cuarto,Sarmiento y Vélez Sarsfield,08.00 a 14.00hs,Ver en mapa
Córdoba,Río Tercero,Río Tercero,Acuña 317,08.00 a 14.00hs,Ver en mapa
Córdoba,San Francisco,San Francisco,Gerónimo L. de Cabrera 1250,08.00 a 14.00hs,Ver en mapa
Córdoba,Villa Dolores,Villa Dolores,Av. Belgrano 1831,08.00 a 14.00hs,Ver en mapa
Córdoba,Villa El Libertador,Córdoba III,Av. de Mayo 1261,08.00 a 14.00hs,Ver en mapa
Córdoba,Villa María,Villa María,Av. Hipólito Yrigoyen 211,08.00 a 14.00hs,Ver en mapa
Corrientes,Corrientes,Corrientes,Av. Armenia 3850,06.30 a 12.30hs,Ver en mapa
Corrientes,Curuzú Cuatiá,Curuzú Cuatiá,Berón de Astrada 961,06.30 a 12.30hs,Ver en mapa
Corrientes,Gobernador Virasoro,Gobernador Virasoro,Ferre 2836,06.30 a 12.30hs,Ver en mapa
Corrientes,Goya,Goya,José E. Gómez 698,06.30 a 12.30hs,Ver en mapa
Corrientes,Ituzaingó,Ituzaingó,3 de Abril 1571,06.30 a 12.30hs,Ver en mapa
Corrientes,Mercedes,Mercedes,Plácido Martínez 1266,06.30 a 12.30hs,Ver en mapa
Corrientes,Monte Caseros,Monte Caseros,Colón 1640,06.30 a 12.30hs,Ver en mapa
Corrientes,Paso de Los Libres,Paso de Los Libres,Av. Madariaga y Brasil,06.30 a 12.30hs,Ver en mapa
Corrientes,Santo Tomé,Santo Tomé,Av. Perkins Hidalgo 242,06.30 a 12.30hs,Ver en mapa
Entre Rios,Chajarí,Chajarí,Urquiza 1298,08.00 a 14.00hs,Ver en mapa
Entre Rios,Concepción del Uruguay,Concepción del Uruguay,España 51,08.00 a 14.00hs,Ver en mapa
Entre Rios,Concordia,Concordia,H. Yrigoyen 487,08.00 a 14.00hs,Ver en mapa
Entre Rios,Gualeguay,Gualeguay,Segundo Gianello 200,08.00 a 14.00hs,Ver en mapa
Entre Rios,Gualeguaychú,Gualeguaychú,San Martín 1024,08.00 a 14.00hs,Ver en mapa
Entre Rios,La Paz,La Paz,3 de Febrero y 9 de Julio,08.00 a 14.00hs,Ver en mapa
Entre Rios,Paraná,Paraná,España 319,08.00 a 14.00hs,Ver en mapa
Entre Rios,Paraná,Paraná II,Av. Ramírez 1671,08.00 a 14.00hs,Ver en mapa
Entre Rios,Victoria,Victoria,Rocamora 42,08.00 a 14.00hs,Ver en mapa
Entre Rios,Villaguay,Villaguay,L. Herrera 905,08.00 a 14.00hs,Ver en mapa
Formosa,Clorinda,Clorinda,12 de Octubre 888,06.30 a 12.30hs,Ver en mapa
Formosa,Formosa,Formosa,Av. Gutnisky 2538,06.30 a 12.30hs,Ver en mapa
Formosa,Ingeniero Juárez,Ingeniero Juárez,Av. Deguen e/ Fernando Anaquin y Mendoza,06.30 a 12.30hs,Ver en mapa
Formosa,Las Lomitas,Las Lomitas,9 de Julio 140,06.30 a 12.30hs,Ver en mapa
Jujuy,Abra Pampa,Abra Pampa,Gob. Tello y J.D. Perón,08.00 a 14.00hs,Ver en mapa
Jujuy,Humahuaca,Humahuaca,Buenos Aires 630 PB,08.00 a 14.00hs,Ver en mapa
Jujuy,Jujuy,Monterrico,Av. 9 de Julio y 23 de Agosto,08.00 a 14.00hs,Ver en mapa
Jujuy,La Quiaca,La Quiaca,Rivadavia S/N (Edificio Municipal),08.00 a 14.00hs,Ver en mapa
Jujuy,Libertador General San Martín,Libertador Gral. San Martín,Independencia 272,08.00 a 14.00hs,Ver en mapa
Jujuy,San Pedro de Jujuy,San Pedro de Jujuy,Gdor. Tello y Rogelio Leach,08.00 a 14.00hs,Ver en mapa
Jujuy,San Salvador de Jujuy,Jujuy,Curupaití 297,08.00 a 14.00hs,Ver en mapa
La Pampa,General Acha,General Acha,Avellaneda 536,08.00 a 14.00hs,Ver en mapa
La Pampa,General Pico,General Pico,Calle 2 Nº 826,08.00 a 14.00hs,Ver en mapa
La Pampa,Guatraché,Guatraché,Simón Bolivar 267,08.00 a 14.00hs,Ver en mapa
La Pampa,Ingeniero Luiggi,Ingeniero Luiggi,Tucumán 260,08.00 a 14.00hs,Ver en mapa
La Pampa,Intendente Alvear,Intendente Alvear,Diagonal Ameghino 77,08.00 a 14.00hs,Ver en mapa
La Pampa,Santa Rosa,Santa Rosa,Sarmiento 318,08.00 a 14.00hs,Ver en mapa
La Pampa,Santa Isabel,25 de Mayo,Gral pico y Eduardo Castex S/N,08.00 a 14.00hs,Ver en mapa
La Pampa,Victorica,Victorica,Calle 16 N° 916,08.00 a 14.00hs,Ver en mapa
La Rioja,Aimogasta,Aimogasta,9 de Julio y San Martín,08.00 a 14.00hs,Ver en mapa
La Rioja,Chamical,Chamical,Longeville y Castro Barros,08.00 a 14.00hs,Ver en mapa
La Rioja,Chepes,Chepes,9 de Julio y 25 de Mayo,08.00 a 14.00hs,Ver en mapa
La Rioja,Chilecito,Chilecito,25 de Mayo 230,08.00 a 14.00hs,Ver en mapa
La Rioja,La Rioja,La Rioja,Pelagio B. Luna 545,08.00 a 14.00hs,Ver en mapa
Mendoza,General Alvear,General Alvear,Ameghino 74,08.00 a 14.00hs,Ver en mapa
Mendoza,Godoy Cruz,Godoy Cruz,San Martí Sur 23,08.00 a 14.00hs,Ver en mapa
Mendoza,Las Catitas,Las Catitas,Emilio Civit 104,08.00 a 14.00hs,Ver en mapa
Mendoza,Las Heras,Las Heras,Rivadavia 687,08.00 a 14.00hs,Ver en mapa
Mendoza,Lavalle,Lavalle,Juan Domingo Perón Nº 75 - Local 5,08.00 a 14.00hs,Ver en mapa
Mendoza,Maipú,Maipú,España 71,08.00 a 14.00hs,Ver en mapa
Mendoza,Malargüe,Malargüe,Saturnino Torres 225,08.00 a 14.00hs,Ver en mapa
Mendoza,Mendoza,Mendoza,Eusebio Blanco 450,08.00 a 14.00hs,Ver en mapa
Mendoza,Rivadavia,Rivadavia,Estrada 725 y Puerto Argentino,08.00 a 14.00hs,Ver en mapa
Mendoza,San Jose,Guaymallén,Godoy Cruz 1533,08.00 a 14.00hs,Ver en mapa
Mendoza,San Martín,San Martín de Mendoza,Alem 387,08.00 a 14.00hs,Ver en mapa
Mendoza,San Rafael,San Rafael,Av. Mitre 406,08.00 a 14.00hs,Ver en mapa
Mendoza,Tupungato,Tupungato,Fray Luis Beltrán 11,08.00 a 14.00hs,Ver en mapa
Mendoza,Valle de Uco,Valle de Uco,Irigoyen 898,08.00 a 14.00hs,Ver en mapa
Mendoza,Villa Atuel,Villa Atuel,9 de Julio y San Martín,08.00 a 14.00hs,Ver en mapa
Misiones,Bernardo de Irigoyen,Bernardo de Irigoyen,"Ruta Nacional 14, Terminal de ómnibus, Local 21",06.30 a 12.30hs,Ver en mapa
Misiones,Eldorado,Eldorado,La Colina 1567,06.30 a 12.30hs,Ver en mapa
Misiones,Oberá,Oberá,Av. De las Américas 1387,06.30 a 12.30hs,Ver en mapa
Misiones,Posadas,Posadas,3 de Febrero 1940,06.30 a 12.30hs,Ver en mapa
Misiones,Puerto Iguazú,Puerto Iguazú,Misiones 249,06.30 a 12.30hs,Ver en mapa
Misiones,San Vicente,San Vicente,Av. Tejada 235,06.30 a 12.30hs,Ver en mapa
Neuquén,Chos Malal,Chos Malal,Av. Estanislao López y Urquiza,08.00 a 14.00hs,Ver en mapa
Neuquén,Cutral Có,Cutral Có,Alem 393 Esq. Olascoaga,08.00 a 14.00hs,Ver en mapa
Neuquén,Neuquén,Neuquén,Córdoba 65 Pb,08.00 a 14.00hs,Ver en mapa
Neuquén,Neuquén,Rincón de Los Sauces,Yrigoyen 161,08.00 a 14.00hs,Ver en mapa
Neuquén,San Martín de Los Andes,San Martín de Los Andes,Rudecindo Roca 869,08.00 a 14.00hs,Ver en mapa
Neuquén,Villa La Angostura,Villa La Angostura,TOPA TOPA 381,08.00 a 14.00hs,Ver en mapa
Neuquén,Zapala,Zapala,Etcheluz 869,08.00 a 14.00hs,Ver en mapa
Río Negro,Bariloche,San Carlos de Bariloche,O'Connor 467,08.00 a 14.00hs,Ver en mapa
Río Negro,Choele Choel,Choele Choel,Avellaneda 360,08.00 a 14.00hs,Ver en mapa
Río Negro,Cipolletti,Cipolletti,Esmeralda 1017,08.00 a 14.00hs,Ver en mapa
Río Negro,El Bolsón,El Bolsón,Paso 419,08.00 a 14.00hs,Ver en mapa
Río Negro,General Roca,General Roca,La Pampa 1444,08.00 a 14.00hs,Ver en mapa
Río Negro,Ingeniero Jacobacci,Ingeniero Jacobacci,Martín Coronado 635,08.00 a 14.00hs,Ver en mapa
Río Negro,Río Colorado,Río Colorado,San Martín 379,08.00 a 14.00hs,Ver en mapa
Río Negro,San Antonio Oeste,San Antonio Oeste,Automóvil Club Argentino 2355 Oeste,08.00 a 14.00hs,Ver en mapa
Río Negro,Sierra Grande,Sierra Grande,Bahía Blanca 396,08.00 a 14.00hs,Ver en mapa
Río Negro,Viedma,Viedma,Alvarado Barros 475,08.00 a 14.00hs,Ver en mapa
Río Negro,Villa Regina,Villa Regina,Rivadavia 261,08.00 a 14.00hs,Ver en mapa
Salta,Cachi,Cachi,Av. Gral. M. de Güemes e/ R. de Los Llanos y B. Zorrilla,08.00 a 14.00hs,Ver en mapa
Salta,Cafayate,Cafayate,Vicario Toscano 207,08.00 a 14.00hs,Ver en mapa
Salta,El Carril,El Carril,General Güemes 960,08.00 a 14.00hs,Ver en mapa
Salta,General Güemes,General Güemes,Alberdi 58,07.30 a 13.30hs,Ver en mapa
Salta,Joaquin V. González,Joaquin V. González,Hipólito Yrigoyen 442,08.00 a 14.00hs,Ver en mapa
Salta,Rosario de La Frontera,Rosario de La Frontera,Pje. Héroes Argentinos N° 74,08.00 a 14.00hs,Ver en mapa
Salta,Salta,Salta Norte,Jujuy 43,08.00 a 14.00hs,Ver en mapa
Salta,Salta,Salta Sur,Zabala 194 (Esquina Catamarca),08.00 a 14.00hs,Ver en mapa
Salta,San José de Metán,Metán,Gral. Güemes 202 (E),08.00 a 14.00hs,Ver en mapa
Salta,San Ramón de La Nueva Orán,Orán,Av. López y Planes 360,08.00 a 14.00hs,Ver en mapa
Salta,Tartagal,Tartagal,Alberdi S/N y Belgrano,08.00 a 14.00hs,Ver en mapa
San Juan,Calingasta,Calingasta,Av. Las Heras S/N (casi Pte. Roca) Distrito Barreal,08.00 a 14.00hs,Ver en mapa
San Juan,Caucete,Caucete,Terminal de ómnibus,08.00 a 14.00hs,Ver en mapa
San Juan,Chimbas,Chimbas,25 de Mayo 1187,08.00 a 14.00hs,Ver en mapa
San Juan,Jáchal,Jáchal,Juan de Echegaray 271,08.00 a 14.00hs,Ver en mapa
San Juan,Rawson,Rawson,República del Líbano 557,08.00 a 14.00hs,Ver en mapa
San Juan,San Juan,San Juan,Tucumán 18 Norte,08.00 a 14.00hs,Ver en mapa
San Juan,San Juan Capital,Bicentenario,Mitre 58 Oeste,08.00 a 14.00hs,Ver en mapa
San Luis,San Luis,San Luis,Las Heras 1026,08.00 a 14.00hs,Ver en mapa
San Luis,Villa de Merlo,Villa de Merlo,Tissera 157,08.00 a 14.00hs,Ver en mapa
San Luis,Villa Mercedes,Villa Mercedes,Tucumán 579,08.00 a 14.00hs,Ver en mapa
Santa Cruz,Caleta Olivia,Caleta Olivia,José Hernández 1533,08.00 a 14.00hs,Ver en mapa
Santa Cruz,Comandante Luis Piedra Buena,Comandante Luis Piedra Buena,Sarmiento N° 88,08.00 a 14.00hs,Ver en mapa
Santa Cruz,El Calafate,El Calafate,Comandante Espora 175 - Local 1,08.00 a 14.00hs,Ver en mapa
Santa Cruz,Gobernador Gregores,Gobernador Gregores,Aurora Tico 46,,Ver en mapa
Santa Cruz,Las Heras,Las Heras,San Martín 219,08.00 a 14.00hs,Ver en mapa
Santa Cruz,Los Antiguos,Los Antiguos,Av. 11 de Julio 458,08.00 a 14.00hs,Ver en mapa
Santa Cruz,Perito Moreno,Perito Moreno,San Martín N° 1.222,08.00 a 14.00hs,Ver en mapa
Santa Cruz,Pico Truncado,Pico Truncado,Hipólito Yrigoyen N° 1.351,08.00 a 14.00hs,Ver en mapa
Santa Cruz,Puerto Santa Cruz,Puerto Santa Cruz,9 de Julio N° 691,08.00 a 14.00hs,Ver en mapa
Santa Cruz,Puerto Deseado,Puerto Deseado,San Martín 1318,08.00 a 14.00hs,Ver en mapa
Santa Cruz,Río Gallegos,Río Gallegos,Vélez Sarsfield 419,08.00 a 14.00hs,Ver en mapa
Santa Cruz,Río Turbio,Río Turbio,Av. de Los Mineros 631,08.00 a 14.00hs,Ver en mapa
Santa Cruz,San Julián,San Julián,San Martín 433,08.00 a 14.00hs,Ver en mapa
Santa Fe,Cañada de Gómez,Cañada de Gómez,Ocampo 1690,08.00 a 14.00hs,Ver en mapa
Santa Fe,Casilda,Casilda,Bv. Lisandro de La Torre 2167,08.00 a 14.00hs,Ver en mapa
Santa Fe,Ceres,Ceres,Av. Vicente Casares 98,08.00 a 14.00hs,Ver en mapa
Santa Fe,Dto Belgrano,Las Parejas,Calle 19 940,,Ver en mapa
Santa Fe,Esperanza,Esperanza,Gobernador Crespo 1938,08.00 a 14.00hs,Ver en mapa
Santa Fe,Firmat,Firmat,Av. Santa Fe 1595,08.00 a 14.00hs,Ver en mapa
Santa Fe,Gálvez,Gálvez,Lisandro de La Torre 234,08.00 a 14.00hs,Ver en mapa
Santa Fe,Granadero Baigorria,Granadero Baigorria,Av. San Martín 2281 - Local 2 y 3,08.00 a 14.00hs,Ver en mapa
Santa Fe,Rafaela,Rafaela,Lehmann 539,08.00 a 14.00hs,Ver en mapa
Santa Fe,Reconquista,Reconquista,Habegger Nº 754,08.00 a 14.00hs,Ver en mapa
Santa Fe,Rosario,Rosario,Rioja 1120,08.00 a 14.00hs,Ver en mapa
Santa Fe,Rosario,Rosario Norte,Av. Alberdi 651,08.00 a 14.00hs,Ver en mapa
Santa Fe,Rosario,Rosario Oeste,Av. Provincias Unidas 571,08.00 a 14.00hs,Ver en mapa
Santa Fe,Rosario Santa Fe,Rosario IV,Mendoza 948,08.00 a 14.00hs,Ver en mapa
Santa Fe,Rufino,Rufino,España 455,08.00 a 14.00hs,Ver en mapa
Santa Fe,San Jorge,San Jorge,Av. Alberdi 1155,08.00 a 14.00hs,Ver en mapa
Santa Fe,San Justo,San Justo,Santa Fe 2376,08.00 a 14.00hs,Ver en mapa
Santa Fe,Santa Fe,Santa Fe,San Martín 2533,08.00 a 14.00hs,Ver en mapa
Santa Fe,Santa Fe,Santa Fe Norte,Facundo Zuviría 6568/80,08.00 a 14.00hs,Ver en mapa
Santa Fe,Santo Tomé,Santo Tomé,7 de Marzo 2277,08.00 a 14.00hs,Ver en mapa
Santa Fe,Tostado,Tostado,Hipólito Yrigoyen 1055,08.00 a 14.00hs,Ver en mapa
Santa Fe,Venado Tuerto,Venado Tuerto,25 de Mayo 1088,08.00 a 14.00hs,Ver en mapa
Santa Fe,Vera,Vera,25 de Mayo 1728,08.00 a 14.00hs,Ver en mapa
Santa Fe,Villa Cañas,Villa Cañas,Av. 50 y 65,08.00 a 14.00hs,Ver en mapa
Santa Fe,Villa Constitución,Villa Constitución,Salta 255,08.00 a 14.00hs,Ver en mapa
Santa Fe,Villa Gobernador Gálvez,Villa Gobernador Gálvez,Av. San Martín 1654,08.00 a 14.00hs,Ver en mapa
Santiago del Estero,Añatuya,Añatuya,Chacabuco 256,08.00 a 14.00hs,Ver en mapa
Santiago del Estero,Frías,Frías,Rivadavia 444,08.00 a 14.00hs,Ver en mapa
Santiago del Estero,La Banda,La Banda,República del Líbano 285,08.00 a 14.00hs,Ver en mapa
Santiago del Estero,Monte Quemado,Monte Quemado,Cabildo 148 e/ San Martín y M. Moreno,08.00 a 14.00hs,Ver en mapa
Santiago del Estero,Ojo de Agua,Ojo de Agua,Juan Domingo Perón y Dr. Jose Gorostiaga - Ex Terminal de Ómnibus,08.00 a 14.00hs,Ver en mapa
Santiago del Estero,Quimilí,Quimilí,Pasaje S/N entre calle Taboada y Colón,08.00 a 14.00hs,Ver en mapa
Santiago del Estero,Río Hondo,Río Hondo,25 de Mayo y Laprida,08.00 a 14.00hs,Ver en mapa
Santiago del Estero,Santiago del Estero,Santiago del Estero,25 de Mayo 28,08.00 a 14.00hs,Ver en mapa
Santiago del Estero,Suncho Corral,Suncho Corral,9 de Julio y Mitre,08.00 a 14.00hs,Ver en mapa
Tierra del Fuego,Río Grande,Río Grande,Espora 503,08.00 a 14.00hs,Ver en mapa
Tierra del Fuego,Ushuaia,Ushuaia,Juan Manuel de Rosas 126,08.00 a 14.00hs,Ver en mapa
Tucumán,Concepción de Tucumán,Concepción,24 de Septiembre 1308,08.00 a 14.00hs,Ver en mapa
Tucumán,Monteros,Monteros,Marco Alurralde 187,08.00 a 14.00hs,Ver en mapa
Tucumán,San Isidro de Lules,San Isidro de Lules,Alte. Brown 106,08.00 a 14.00hs,Ver en mapa
Tucumán,San Miguel de Tucumán,Tucumán,Córdoba 498,08.00 a 14.00hs,Ver en mapa
Tucumán,Yerba Buena,Yerba Buena,Av. Aconquija 889,08.00 a 14.00hs,Ver en mapa
